,0,1,2,3,4,5,6,7
126.28077589853969,-0.46968153090746306,0.3023349742162434,0.3063937469571529,-0.967842787354866,1.4610911646581382,0.06810348232370855,-0.2794041502127245,1.5955350013974807
101.91212053245577,-0.6168196078508994,-0.8893842288791677,0.8315061383945344,0.22752209461729966,-0.1388974583632461,2.0544302168738815,1.1474742273579512,0.7420838782159309
152.85514791336638,-0.37355410680112267,0.12876861196131692,-0.5833229123110918,0.2517856853560978,-0.7295925876282907,2.434889585993135,-0.3471216416550221,1.2727803735577878
96.60289233744652,-1.3267929276588437,0.34255035595536104,0.8062640658251966,-0.6353299486377306,0.7360521696622422,0.3923766465246048,0.6286725370706217,1.5236768189874081
56.18628997533146,1.4391690984686136,0.8284186016311903,-0.7942383442486599,-0.5442446231618048,-0.2706782035153965,-1.7686521819209204,1.855713219420057,-0.24053126417552484
-136.73536851142669,-1.5593569944308299,-0.5299397275243853,-1.438854552579235,-0.3737398799447128,-0.3531431773058436,0.154416856891458,0.5860093672972604,-0.14744541471702927
45.43963793726151,0.5785029613911558,0.5982677856377208,2.7817180043104717,-0.8471579341587846,0.28821475101476796,-0.6152516440649352,-1.0177938366502115,0.3611793105717354
-10.435209263305424,-1.3779310976136752,-0.43698634615450216,0.08346390456290619,0.1763353434561683,-0.2711821169140556,1.1295247285699335,0.5481168801993883,0.5193409157549351
167.6943639598186,0.027636289661481205,-0.15359761243140269,-0.41674898970762125,-1.586227188890693,1.1130577146683527,0.6316965155518629,1.1511348777222685,1.3144449419956858
153.97703014079036,0.3545439423333353,0.4940870199649498,-1.0435588166021215,1.0593301842750225,0.2242150234294327,0.5630800906267031,1.0799315434461925,0.2417108044239659
266.8049251764802,0.1451107879042014,0.8822386796101203,-0.07658486477891842,0.6270172455493443,1.1361233060165339,2.242882394278676,-0.4345367100588569,-0.2613191317912369
16.129645297154312,0.2090962326114714,0.47650580997608233,0.3054669452930302,-1.4700162559340033,-1.4924724187136433,0.5928648340604081,0.2799781574778058,0.06543794055485581
-20.929150291279797,-0.6350303712100097,0.9773693158849782,-1.4535317651213067,-0.8932814788491377,0.4597330711814287,-1.521206460732149,0.7010099336259419,0.2894814418669357
171.62519473805585,1.908758133277787,0.03879049612126302,-0.02849119193525754,-0.37557057557924856,0.7647983717659256,0.9651773714420874,-1.0765233117442021,-0.22577168032679293
-65.58429420004202,-1.9193533769207172,0.11964630029669475,2.119155483920042,0.5225982399226,0.07099631386285782,-0.10889604257778693,-1.331265545931295,1.7000772639892228
-159.65092933661873,-2.405405705341015,0.8811380943075932,1.2781702408863655,-0.2676947614087852,0.10750942751833048,-1.782777929332876,0.32477541541840366,0.25187039042716775
-180.2211482714346,-0.5465933701045772,-0.7424717608647882,-0.08952622088871877,-1.1806413650363812,-0.04559408395615069,-0.741589963714174,0.25989179404579155,-0.9866392681449531
-44.67415871772767,-0.9033024702318404,0.43959882920806403,-2.016389630278412,-1.233771384622801,1.1179165747827384,-1.6062065805903187,-0.4907362291419284,1.5516379604105157
81.13881563506509,1.118563585816359,-1.2470128464754726,0.4307132482879993,-0.21993181265097825,1.12141462701687,1.1247326939316458,0.30341399483670084,-0.8380829973969313
95.22637302248259,0.13105993564041904,0.6267292278999951,0.6966659099322378,0.6080882120305645,-0.41653469787069386,0.25303255623317017,0.7857900562483615,0.2410822761383579
-6.844533335694962,0.3765801228568628,0.2215374468477633,-0.19507585446848358,0.8905184106838638,-2.326763786432173,0.6490213910095944,0.6867615648526193,0.09620349482348298
-108.1185581696215,-0.6728218434064689,1.081575094515389,0.4451468448730413,-1.4302274199225966,-1.2350040156288935,0.11698333100787434,-0.6956816511410072,-1.7041726286431351
-11.502718108018655,0.0035617107363565574,0.07612920917418114,-1.1792511622451318,-0.5768845191325928,1.144773409326938,-0.7728262239410125,0.3861700604398593,-0.6622177941988538
-108.25249095494188,0.41222329592800877,-1.3668256963362677,-0.8576909338934434,1.0982492813232339,0.016959430062830037,0.46569066649104673,1.042585667039189,-2.404349308994586
85.30129023114954,1.6613886663278632,0.6533145265090758,-0.8681736458695559,-0.6361095152189,-0.5744497453905093,0.11589253111484442,0.14304420630635628,-0.8732813208749137
-106.93913565063663,0.09291249716490574,-0.5013769624860657,1.964832068792238,-0.8200366208511087,-0.5687826350063694,-0.8024718087463462,-0.4034827672919365,0.4240061877605466
18.33744480053612,-0.22543446614520232,0.33685870688192077,1.2593555926419413,-0.3581808389318238,1.0389730535410788,0.5686180520385375,-1.8855821678929077,-0.773969763772553
17.655154634250977,-0.21289654671211442,-0.16762634732795453,0.4625084219817688,-0.3608900966771852,-0.2812263528783205,1.3370162650831292,0.36558727173352584,-1.164309224873042
24.694178623903085,-0.7079919587770162,1.330586589752093,0.45583847552889356,0.7639524339109091,-0.5454272474239623,-0.022292408589594692,-0.4853406206397863,0.024493123027411235
1.6587237295371295,-0.36386107998603123,0.258233668496176,0.8940810475841384,0.857171177072106,-0.14068060984475872,-1.0179645070899568,2.0543404205014073,0.01183706465209703
-181.59510821137837,0.9930820260881169,-0.5244092107999448,-1.9221163357225683,0.3528688237534262,-0.7043035104012098,-1.9000418854605703,-0.23744502179915386,-0.3847461351956377
-6.837284929827263,0.5798120990949458,0.08415399036742012,-0.2192752788531047,-1.5641083355753576,0.9795884442059922,-1.34614712603739,-0.20443156715311375,0.3003427832798494
-194.0850481429419,-0.11899173070394306,0.08452040897113959,1.494747250612179,0.5112983880150838,-0.9945059163483857,-1.2852425015393838,-0.5949051790363116,-1.2064419581338943
144.05345207538602,0.2547954371692484,0.42921259896394043,0.7281488417192268,1.7175607668222752,0.39383833105383437,1.2324369165662201,-1.371530093873993,0.549851648241998
-19.82437431083048,0.36371511291586023,0.2712747990329722,2.0864303162273403,-1.8569171425633824,-0.19386582342430847,-0.9533242480165797,1.0534916861405477,-0.5787073477544229
-12.043386877520668,0.27882517962592474,-1.2861217217052148,-1.2139526792508606,-0.7703252357079521,-0.6732107432723995,0.5015459312922604,0.741397541468098,1.5183601144590304
-214.03811513699057,-1.1885303144751322,0.14888585353276024,0.4109545488358375,1.0137376150903779,0.6630229941420756,-1.4292394201000254,-0.47893304621009614,-2.2079390124194247
27.39670118897893,1.475803168506068,-1.151306938121655,0.1566851905047505,-1.0443057350953622,-1.2316241383683026,0.5683966214134302,0.0797708468254601,1.5006032670314229
-269.97340132401405,0.06423640575834763,-1.4069082585200772,-0.20031131918324324,-0.9047208147546937,-1.0983640769108067,-0.6721097867010515,-1.1135764948491589,-0.47039018147872436
-14.921643635895649,0.5011745471902121,0.874188516771965,-0.43070255250058204,0.0012088587907899706,-0.6080816175744631,-1.2360840508507842,0.4861706512263279,-0.23248716922337845
6.443290773070821,0.13090975322246426,-0.9739383970945592,0.434504733074705,-0.07746768164357716,0.22960435302394708,0.45721807996466224,0.8524306293449739,0.019756006525176173
-80.28551933045173,0.8234040444932033,-0.12422986423635328,-1.3504802769303,-1.3085479671219926,-0.3488785943462895,-1.3952161742711573,0.6501590317308624,-0.2541017592331164
-120.93647468375563,0.32651427423426654,-0.587722561357813,-0.8632393305066369,-2.1080662893919757,-0.10507785872566963,0.5118983283935555,-1.0398341581995454,-1.7878150944283775
-0.3344380322586389,0.9681425997380045,1.1540288856451986,-0.18832373891598317,-0.9301880212388351,-1.31716866902854,-0.6341486317863603,-0.03140723047352972,-0.6539172133852619
49.36934568291068,1.7347066647354408,-0.40100288718314886,0.6529652896791358,3.2172580796406653,-0.15917439804018038,-0.44286994535566976,0.4201855491276912,-0.5040679691589541
13.293985613844796,-1.5336289167277735,-0.04686257094489085,-0.6579993850176789,0.408439540162761,-0.37236933002179007,1.1655349663948693,0.5914927182333679,0.6991889771996379
6.157582215425506,-0.08723394620245828,-0.5337773515953815,-0.3521293166370092,1.3030904392648546,0.11598028120244126,0.7756109792333026,-1.076403665764224,0.5843184868564033
-219.00140682615893,-1.5168149254013799,-0.8561189879390744,-1.288141396201769,-0.4737509254200501,0.5694274100591551,-1.4498349699730102,1.8713945025640022,-1.185651115653098
349.1609582429807,0.4368813730557696,2.3692254247929085,0.5327887936753436,1.4348791193804937,0.9587835684573793,0.39662608345634504,0.04988005245663721,1.26718911125196
233.12092601714087,0.9311956260797742,0.7880070626645085,-0.5210413795228037,1.1190302714785711,3.075675197233077,-0.7778534158104449,-0.0775318349492896,0.26287252860802285
-149.8963518392079,0.09712407701976249,-1.2006206122115541,0.23774609544258593,-0.16461551581415093,-0.5050006064609414,-0.280742455403444,-1.1596599148674915,0.5143274410593307
-97.78150330971528,-0.732805036570466,-0.6189888790218137,0.15814490128635744,0.4181063395954409,-0.619660868593788,0.16520558658265852,0.45188456585285897,-0.1323694714386104
123.09253639154986,0.17344103825574328,1.8603229143817057,-0.6324229324785462,-0.24964683712121996,-0.4624568717332297,-0.005144646430864166,1.291593992745592,-1.096618448318796
87.9760372427331,0.1100936645003964,0.2521225210887618,0.21104168070729307,0.25357000567997917,0.5562605623986996,0.3432503491135677,0.4474140479673125,-0.19590542587463225
-29.249675681189913,0.19725993257107308,-1.0380414302402143,-0.6152670323575682,-1.23425544033859,1.773442450419767,-0.08319412525745928,-0.2406983783313232,-0.6886256995001482
-100.16494394474282,-0.43184468811335597,-0.7406245710705424,1.2494619409315102,-0.5212331353321071,-1.1214610184351244,-1.3103492408264052,0.720963434128567,2.5552192714155777
-107.09730380606914,-0.25600816130471776,-0.7124038804483811,-0.9011119586620374,1.867877895898529,-1.1104339136919332,-0.14955310044095066,0.12275212975802806,0.5112663208983046
242.34301631998017,-1.5199519413138562,1.9907166354453842,0.7666213735787671,1.0317772616614886,0.6085458634479232,1.6811129771472255,-0.09822174494989679,0.5683747353797056
198.18627856265803,0.3985952763697675,0.9544483409890359,0.9958688203104483,0.7426205551723641,1.872136202483027,0.21136521781312714,-0.7222011159571117,0.07080000933423507
-42.36887162674985,-0.21071551185160625,-0.3577793150505462,1.4478370130467004,-0.08753298087117674,1.154213709211621,-0.9480648709469751,0.6305061052743314,-0.6894789662371057
-140.70023239397491,-1.3026333758066067,-1.2124224053785633,1.6019994111544456,-1.143181440213807,0.298971704023223,-1.1243175707214057,1.4212782838175342,1.0007563695507595
156.0659614481461,0.48740376341429276,1.027710569120525,0.5405888632561856,1.4015437239035216,-0.39111010261778345,0.9950865518102906,-0.24976955757239874,-0.07276888082083542
-152.5998464865346,-0.0008607622531962103,0.18024757401391936,-0.1210746520815043,-0.8707962388535457,-1.125204341190463,0.2767233848013567,-2.5445696080680715,-0.9277206130560415
261.4171706774106,0.4422904438965801,0.4390890109573153,-0.2789179346302152,2.448430969772016,0.5790906451375993,1.7976158078059763,0.4217977241809566,0.5551757813415794
5.245077602369449,-3.140586387084352,-0.19536124948400135,1.0169204975531845,-1.0029825636855134,1.5593472844577083,0.6207632052936818,0.15411244807974547,1.8640674033351714
223.36610585833603,1.1986526849805468,0.7530719161568488,-1.1043012757299229,-1.2211018719016553,0.9593272522197481,1.4392239555954474,-0.34249989505350775,-0.651772930426777
40.745526285316544,0.6386691909629642,-0.9022826065351514,0.0758738755143386,-0.030060181485956693,1.6037600898559805,0.26398452796024957,-0.8496582472240418,0.002518560416258923
163.77190629238424,1.9538979206921638,0.8744235126298372,0.33540688209309233,1.2742934465973157,-0.36813977753251986,0.3651646073147727,-0.7140347879717108,-0.22927488991915446
-14.680723114138374,1.0335242414616803,-0.14749243957984634,0.5168489211485062,-0.9437753526546141,0.9299676103501077,0.24510499860169827,-1.9851561738465808,-1.5097980233835246
61.58191169369891,0.2149217093864607,0.9594749142405643,-0.10029967720479982,0.12787630314660667,-2.068526437732377,0.23526353554517385,0.13470795178498796,1.5621717327910187
141.9112035338406,-0.9772750189454169,-0.15010365592444383,0.00018070084854880503,-0.737373949754708,0.49611999544349705,1.9520217156773567,0.7094699146309285,0.8304929914422587
231.67863951494175,1.8976735693055764,1.6676672444889884,-0.492859903984659,-0.07199226507236893,-1.2107693164193556,-0.31311786012674087,1.8863298975631075,0.47051980475982075
-34.223032134391815,0.20630427884996924,-0.20171539671583538,-0.341735951595233,-1.6043011800955749,0.9474717058138008,-1.1934751646304418,-0.022175407394954973,0.36559763364508396
124.41469906455399,-0.4681346109276862,0.5290924626105863,0.8442624541228724,1.3473596192220225,2.5864966743964026,-0.03805995525809881,0.0354562210612707,-0.9110904587206723
-157.74781109765667,-0.49281281258215054,-0.5738211043610054,1.3068138801369917,-0.005991272600374417,-0.8259634911029753,-0.4687840095671999,0.8515799808238463,-1.1736128262430312
-99.86222229000575,-0.425911821867413,-0.7662234428113825,-1.4136530241136773,1.3018324397568684,-0.8028224242233017,0.21454839340631993,-0.6472365849518523,0.8321209907420634
-13.971488879006756,0.40693226401445,0.45466353751503763,-1.4201387951768063,-1.4885128411686124,1.4467291078713627,-2.1397019117454965,1.977037845787017,-1.2426924840141151
199.74209095461526,2.238331430299004,-1.3419821208999214,0.23721214225882084,-0.13559999692581587,0.8321550589575131,0.42085703228527105,0.5790693986365454,2.0871189253478946
-185.352524868309,-0.47712686465315224,0.9035835497865056,-0.38544374950594396,0.8524477204305178,-1.6500435951041352,-1.4189134870644955,-0.7658793964585934,-0.5879051812617091
-220.64579358882105,-1.1241517237503025,-0.5822645172883745,-1.7268458637372424,-0.27300745243126695,-0.057340689860783514,-1.554334864999886,-0.6273994566151102,0.7874230039407089
-67.14213955252481,-0.04098517984675651,-0.176534831975961,-0.03473915981199666,1.2832921708536726,-0.29489084091900986,0.03188289887899094,-0.6023515205060551,-0.6594708749945883
262.15054159455997,1.7365573444357565,0.9095498591208276,0.45903420504847314,-0.45078088144927364,-0.06979025614215882,1.1431689193235215,0.5070178679837194,0.017999218121435786
-193.42726396396273,0.37827438136551783,-0.4676749000256818,0.1617244740367366,-0.0748489661102753,-1.1308445133162688,-2.4142630026394056,0.8990399401738745,0.34022085772704164
-53.46526335356133,0.5044219541571993,0.6916082837656266,-0.8069640426853502,-0.268689358358921,-0.53410287149831,-2.028605293190007,-0.21840951997999206,1.100608194276479
110.20984614826287,2.1055144812778193,0.5796879507321737,-0.44939921133823707,-0.24715827858501993,0.2633298290693504,-0.7296005482632918,-1.1567089222919889,0.561200810908784
-19.788168749722274,1.7937927056751721,-0.0431422663091454,0.6913913942372523,-0.8808080773041272,-1.1797807987652016,-1.5733606940671367,1.1936412436130996,0.25194715233341874
17.73017503864898,3.020864835483487,-1.318967767584389,-0.8772749689641166,-0.5749408773509401,0.34031740038740904,0.21269421835339763,0.2718580113569527,-2.1994625553470275
105.00581707598141,-0.2410668831842139,0.6632215711944017,1.2673826303703721,0.3421623016052177,-0.1113623037079213,0.7779901893091138,0.6927130597251355,-0.31153253480598625
37.136956555862,-1.5527725421229668,-0.326194212303863,0.7672333937390499,-1.2075123632052251,0.783065586314826,2.2646744400546055,0.9264518326759272,-1.7746827334530881
-95.64781330623187,-1.474637671831593,2.218229577316484,-1.4662517238041575,-0.005356928609484023,0.22455325495005476,-1.449206323417836,0.04816412186708676,-2.208426345831513
-113.41583711030121,-0.3790251998096717,-1.0152272755420386,0.35761713172323883,-0.03981463098095697,0.8182105630896236,-0.6970515950137909,0.03965217595385029,-0.28947424043654996
-11.519266470993792,-1.0215444377866112,0.22722703630218402,0.3841665754563393,-0.9993965769520997,0.6274848571078835,0.6219988329049052,-0.7460500961579405,-0.4124259905340222
-228.02185499505694,-0.35063104259725614,0.47627849368980535,-0.1761974594998433,1.60663037954497,-2.3005537450417273,-1.099436382740292,-0.044435278217190385,-1.46877682912605
-24.954260404263252,1.1528331093983204,0.6140877988929294,-1.6458287988580187,-0.8889661884156576,0.09949236128401434,-1.220361153496958,-1.5183901921960563,0.12033883618735604
254.57873632683422,1.4270714862655611,0.7458978353078394,-1.5109033199467357,1.0299690691058534,0.002187328817300465,0.5629574145224766,2.0118907535246726,0.3188079986420477
223.64441084948416,2.8891542623476565,-0.01721269288564393,1.0535564187853967,-0.9426670625198554,0.7076507821125018,-0.3178797469595393,0.9723646716579173,0.2585675326301348
142.06401091208323,0.22797613779890316,1.1062353274583774,0.2877657899493726,-1.177997616203305,0.7041587444578123,0.2768156851792614,0.3874481757252517,-0.4807475752161216
59.572689626328525,0.19486237596332304,-1.3207835123086114,-1.551879818460703,-0.05261587784921951,1.4695860135783505,0.37759568853030523,2.4947958031981017,-0.6039809653308752
-330.6285903808792,-0.8341562638199823,-1.3421475124155773,0.6899560491235934,0.6550008742202735,-2.1431212529005896,0.0056522629241628625,-0.052529210511092675,-1.887899216248686
-403.0196389834337,-1.6683552475102028,-1.056313643425065,-0.10613447553179221,-0.32553652981658515,-0.18920773208898986,-1.1091653450538055,-0.01934753218456158,-3.450127483123035
-132.19761136434408,-1.405139980292123,-1.8050828871847933,1.4935467704851884,0.2558597417028118,2.6227534438977522,-1.6223924818837383,0.3076890271713511,1.0511418158863741
-138.769170802504,-1.3813506101093609,0.2430069836515823,1.811631883231372,-0.2822463148210822,-0.8341458078966675,-0.8554807315050991,1.7850175609399286,-1.1286858716522699
-83.56164709553946,-0.671964336791689,0.18566255734164078,1.822607031091782,0.8007701815536168,-0.763574230560215,0.22336048307349626,-0.9302268424611553,-0.5156246915638965
79.98539952313405,-0.9652710857570449,0.3621300647589823,0.8188115619721753,0.22852449204866304,1.1339425839372352,0.5624851565211357,0.6015762580290285,-0.39634761897613985
214.8445581973437,1.5619348682691843,-1.4539453920274312,-0.31537647990177625,0.3330970274094304,0.8295910466857574,1.5302633957403757,0.6729610642624165,1.70597151744844
120.53986930354773,0.7651841346271444,0.16375362130017035,-0.8703345323712328,-0.5150561418960996,0.5472808970040496,0.40723956251040966,0.3719978165254394,0.10131069885088856
-472.1161664804507,-1.3023833600460086,-1.4566095299663073,1.3570972566563584,-1.5700047769765026,-2.698228560150743,-1.2849420033885386,-1.1978708995846334,-0.40276575228732825
226.96945828663127,1.0862685465622568,1.3929727381521977,-0.9785515421126572,0.30806112686076553,-0.11379996043148514,0.5156195562031187,1.0137921128171883,-0.04706260965170566
-336.55908271116357,-0.6065491060790202,-2.1120766242298132,1.0123550280887648,0.15988320331740632,-0.47941359368696224,-0.8962672504174961,-2.6639060814036855,0.7079519112840847
-312.98843817523806,-0.7053378233378031,-1.4830478368961868,-0.6766094297528489,-1.2045967808315208,-0.19288039402563695,-1.5474878937450764,-1.1572237092398092,0.19178121751608954
0.2089590228399416,-0.3563989647807525,-1.013585576503995,-0.5972618871543939,1.9815152193419532,0.6681963713066381,2.0916023896219245,-2.638344849855969,0.009874022359600668
-254.8189899994273,0.7122373202877592,-0.7435842421400077,-1.6431786481267228,-0.0189123355553683,-1.8404181786439142,-1.1532014681175582,-0.46687665351067165,-0.9837406924685808
45.396882533793956,-0.4299999332509634,0.20120196978708746,-0.0689641983219587,0.2055342177493153,-0.9589443713424228,1.8509263689784081,-0.5520499180238705,-0.10171266738709218
-39.930535149144724,-1.366409207363571,-1.8384974601204636,2.3250771241088404,-0.21344243561203347,0.311361020275977,0.9301680244715533,1.1551210466839876,1.275842755951123
404.0508939870322,1.6819520283973062,1.65865206096827,-0.1730674926417809,1.0503868978925532,0.5066911549193668,1.3365773997580757,0.9384902203320197,0.6325331672043204
-163.18795647320061,-1.4019145900674697,0.2958908346695785,-1.3480845496131693,0.27492517053184223,0.4572953041064812,-1.3382309866401223,0.2260710501423448,-0.9756888063382001
2.5047646980335116,-0.09889418457925689,0.21391258940385013,-0.9587802830309033,-0.17521683926994422,0.9027151630336522,0.0931719303638577,-0.13228415579089228,-1.2654148393642217
-78.61474519556037,-0.2584950111643495,-0.5145738011380686,-0.6545843186624326,-0.2645245122001008,0.23872982546889426,-0.18867754763721983,-0.30261318030055223,-0.19596122038057556
-22.014689645443568,1.0387828215056578,-0.6329102758519559,-1.7024793731983183,0.1371836519354302,0.43889315903854065,-0.7689717979105289,-0.1975029958709803,0.3181878518213663
76.079118910219,-0.6044027479683195,0.5182498723952399,0.1821544679747027,1.02943265857232,0.06407886932859903,-0.029964776414462903,-0.2628615411092402,1.7878628201069198
142.1826901765467,1.3848757242911676,0.9371716346228013,0.5932930665590936,-2.0706351924039152,0.1734501150469026,-1.7334326316857356,0.8076295330836567,2.0590191363043524
22.833972615182674,-0.33892103381785166,0.6573203742990926,0.008977027360332682,-0.4331179817730724,-0.44722153263064424,-0.2767889576771769,-0.16294691549193643,1.0558271141447022
1.1605272173892942,0.3177355385316956,-0.20781163019670387,0.05262654150123143,0.06704322986337787,0.4847931312856336,0.4905983210523609,-0.1035479939303267,-1.4416626410566007
-138.03297668437438,0.5776161172614691,-0.7628904910609712,1.2939512830012607,-0.027544396768947894,-0.1990544778183977,-1.3050803754924618,-0.3948857604918633,-0.2100557358879178
-67.05985952702812,-0.895393506649237,-0.1586114311267061,0.3503072338987457,-0.6639100902320269,2.8848876024016197,-2.6199115217766664,0.16431463705716254,0.5553755160582953
33.66644962437192,0.5597021501508512,0.6019424001856203,0.374316189523118,-0.3543072522757854,-1.3330794841820086,-0.01332025848638111,1.0403343164031897,-0.24007309206677696
-69.5315586486607,1.8193614309759776,-0.7899641550902206,1.7178183548267671,-0.46909549521655425,-0.5140156299580575,0.23857659894987115,-1.375010954725353,-1.6588381841536397
353.37534735454045,1.6548241107810246,1.7219068908300605,-2.3535266241565647,-0.2795306661970874,1.9185116105349185,0.9222301188437507,-0.32965624824899353,-0.25843175667100565
204.72719468311482,1.2870388288546333,1.3790623955230095,0.3973533208131219,0.22124423819776812,-0.01730659934959208,0.0471351209972973,0.4840029499248883,0.041989901408816706
56.88855103601324,1.501620685796582,-0.04703363969890692,-1.0109427569886325,0.21774308144378138,1.455826539935049,-1.2867635899431045,1.2701228359384027,-1.2981152787018606
-156.37170149921283,-0.10113695153867994,-0.4836386806952694,0.3638832147508271,1.655082421119096,-0.5787830163141262,-0.7542005981882562,-1.5952208835007688,0.20149069492759258
1.4990322936001519,0.28581041071015695,0.10667150319258456,-2.217518733469112,0.2041539396870345,-1.2107377114963045,0.6384068129479055,-0.7533507974929617,0.8482108608804119
47.03228591510589,1.1148193987988182,-0.904864330439373,-0.6616825353416916,-0.614051704865666,-0.5114895949042687,0.5209243061246969,1.3528745621582179,0.1776758574121978
48.32271192184555,0.13025413931985316,1.746993643764633,-1.230449886670031,-2.6413358182238134,-0.4842512488402887,-0.4084808900385796,-0.04342269309575153,-0.38872485477287927
-129.91016847319904,-1.0676948303425198,0.8787362356311457,-0.20239107207790794,0.6440181536701379,-2.1133619142794364,-0.42944319050807295,0.33666456773707326,-0.2819842758967586
75.72048511989898,0.9160813695341463,0.8745819654903048,-1.3667129997463785,0.18190365379560142,-0.05111950939453647,-0.7545028680890729,-0.09429242268952881,0.49642120517386934
-40.4187273627426,-1.342271919028398,0.11675330156901009,0.7554001649696083,-0.1071847666811438,0.9843436455637973,-0.5652662895109926,0.9073381754673872,-0.46688878815307144
142.1251177119881,0.18938906964685448,0.4773084120499225,-1.012584085907498,-0.29760393528741613,0.8210243271570705,0.3907565502237069,-1.3690347774710663,1.9853652884400463
-71.77396320028275,1.2713724624496523,-0.36811825132683795,0.5467241050191665,-0.7040350141521975,0.4902194271091013,-0.6311661394493362,-1.0854794579846792,-1.5804764494683714
276.93876977152007,1.2648811521029404,1.3280478759899659,0.30045135263816825,1.291838422981883,1.077384809655846,0.3272455228801007,-1.079380827914979,1.2294684583917717
-10.837588670271927,-0.4671554361185578,0.6501681831190794,0.32227095824600316,0.8499006834093494,0.06535784093480802,-0.5712388311390125,0.8728510163237346,-0.8805663537988552
-57.245372783095306,1.206070858745099,0.41069510173123425,-1.75705497911723,-1.5050234933489377,-1.0413254701668535,-0.5167070928314758,-1.1510747394473861,-0.27923777263210325
265.7422812495126,2.4827064000585977,0.17877951428506747,0.0031830699951904823,-0.9569732331156221,1.3059227281591972,0.1777345609523853,-0.6373409941292013,1.4079136576434923
39.22321716943023,0.8701053496582042,-0.09683889858870892,-0.27000625060769073,-0.5163905322495752,0.6626019256994841,0.10282622557466486,0.09522087748312938,-1.0911277842884428
-145.59923630536144,-1.2014938996656015,0.16754315549016022,0.1842772367803296,-0.1345246764795031,-0.3650730524328496,-0.6585114909135991,-0.5938942549355731,-0.15401886552045224
191.2753785485924,2.0839473625859983,-0.2865404803570355,0.28417684052467873,-1.1061331389499578,-0.7186293893190835,0.2676559252391087,0.027325704430739353,2.944356679428981
178.20424776809347,-0.4412718444417011,1.0405672656466929,-0.4636176242180012,-0.8598742219648224,1.84217364725314,0.5715571066699645,0.2469223685784124,-0.27590393723336537
-169.20184888207592,-0.42235338954212287,-1.2035385110581294,-0.6338141539270838,0.5931669975939353,-0.7143348741144305,0.5113464328659159,-0.9180019432030023,-0.4820359220412432
-61.91068318828529,-0.516808486550266,0.7939330288354925,-1.4684310469076935,0.40367500415058033,-1.446252440625023,-0.01608118823879024,-0.005245560664700521,-0.264711955647184
201.70571614050147,1.3382951188767993,-0.22446065161089526,-0.4916740381064335,-0.7118677444201758,-0.4105277846543303,1.4420783360723488,2.2991207195539802,-0.08300786561225311
302.4640075958358,1.545245727240862,0.8732343227081037,1.5988544050913618,0.2782167450812582,1.5083688896842586,0.06839964014669514,0.8484851194067141,0.5832050888908449
84.41166135735979,1.0409411597070928,0.3151760309785632,0.029296609814806217,-0.8324656826769129,0.40009237129253367,0.2707650856493405,-0.7964945831211536,-0.19956612388630413
-47.29464850418273,-0.04062101694813305,-0.47963257137688786,-1.3856892918732067,0.2891461702992756,-0.30430441886410914,-0.008581335256508046,-0.81157814787386,1.0633213808195305
170.76895051998594,2.045854663707478,1.1712037950663337,-2.137317534847466,1.2062804664715183,-1.919113435472113,-0.006814981865996433,-0.2656706604872177,1.93524878476281
-43.46269310685251,0.15706983224192328,-0.487829526295405,-0.5039071286346511,1.0188401932224342,0.28585715405600604,0.1899684083044533,-0.4666009959982789,-0.7727678351840697
-82.47482187296251,-0.8015197379010388,-0.2460825747581552,-0.43015278692774084,1.5361203347188397,-0.9231464653273357,0.44527806876990167,0.3904400077708324,-0.49228683592872124
38.46994303330098,-0.012430623273847006,0.4832380531151566,2.8999940998741645,-0.7433424903694184,-2.4869722925687316,1.9676762304862525,-0.6163365828981203,0.10472409777911613
153.29552880902588,1.451556700057541,1.7456977599876546,-0.0366917519612999,-0.34007730017317905,-1.2895080485459212,0.40127662909585804,-1.2798543166164207,0.47528253268153686
-95.87837401790185,1.25921543042774,-0.04472255810527652,1.008010186471219,-1.0083621746710623,-0.9285354334524593,-1.1891952576941647,-0.9948320857526124,-0.08198498272906501
-45.52202263580472,-0.4859611254112533,-0.3558544044095367,-0.9117367659103686,0.714807491627263,0.05223516935259404,-0.9472055946576382,1.5443665889467506,0.5547780792990213
-62.67288610964706,-0.026071558880418587,-0.43082995756185755,1.1961162569781048,-2.057329462989026,-0.46221131850697333,0.10205691635749073,0.13044632164416084,-0.24076951561175267
-352.47366013708165,-0.1761247907211529,0.20553954118338844,-0.3088530958224063,-0.012743151001463122,-1.6357034842771128,-2.468069001699623,-1.4408645973667296,-1.415955763546105
164.2483842952223,0.5377950766605395,-1.1713249251949402,-0.20053639537419035,-1.401472285683804,1.2867907906481486,2.0697934303186387,-0.43881616005356505,1.0317616898690183
-126.03547287183704,-1.1003741519905395,-0.7817007155065845,-1.9978671970406687,0.6749465235362141,0.3165887083517387,0.43703796655749577,-1.2628502030445754,0.040980909313851364
-80.37112025932382,0.6251253033718395,-1.0371083985265193,-1.0129046748971091,-0.023337067116829622,-0.5574776624674397,-0.3494089398065363,-0.5735539565088319,1.0538266085536931
206.89235282944702,1.1917093310216504,0.9163523470204741,0.33538484188135226,-0.04290463328428004,-0.1616452848174337,0.5062433450636936,0.17136710955303527,0.8532189283525384
-190.6298296014765,-1.4622621472937314,0.23062482267421475,1.0500643490390584,0.8432127732733967,-1.3881611256562696,-1.5045446925353196,1.2275961586039785,-0.050643170193661886
14.388142134503685,-0.5306536062116952,-0.06209101354579446,0.5060841415474444,0.33501161103588295,-0.8082878591638838,0.3903958734843842,1.625521049893707,0.16099724947400323
73.68961264005102,-0.6445464124287915,0.32001148312519667,-1.500825047707872,-0.9061759487003963,0.128444173715194,0.6813558908410517,0.4767258830185425,0.8252532447999665
-120.28415583065055,0.2396074921692359,-1.78634685812315,0.5959872840768361,0.40884615983087746,-0.7837192831941381,0.16556752306040529,-0.05387776926321709,0.7266846657924598
149.32697990685577,-0.5918355775754905,1.4839155075638777,-0.49769244142964386,1.2327796904696184,-0.13717009018172682,0.468721416754829,-0.39764547473443196,1.329090432810366
71.38480894713916,1.4015316665860194,1.1682849267678874,-1.4668450619225781,-0.6677725687639372,-0.185338155857756,-0.44650395943452836,1.0486949751045733,-2.051308884548948
104.93505097588373,1.1634174103892043,1.3772371388053162,1.1977341611757009,0.09336667030930779,0.07799141659185639,-0.09408784770319704,-1.534071806732013,-0.6020437208163036
58.43240282161493,-0.9374851630475242,0.5973691755237263,-1.525288374551972,-0.9151965054152661,0.8602660606284107,0.2867947605437461,0.06707218002975987,0.3906580930531494
-42.32632284161872,1.2806282847441377,-0.10893897075540607,-0.14936531219256474,-0.5829647407922274,0.033480848772598173,-0.21443979935338203,-1.4947096942981288,-1.0409729205624152
-145.6370390644169,0.7097948743991865,-0.889916018445373,0.6014407621870466,0.4722374237538004,-1.7999964622326323,0.8124407949524362,-1.103797207180831,-1.26684013734835
-314.00281465931243,-0.8086808808951154,0.49720606747369595,0.11893498709035842,0.25173244266890477,-2.0367867501054904,-1.757675525976146,-0.12436123893172156,-1.9912025152037809
-57.01557574199029,0.8853928113071916,1.17777718916473,0.4576394350159737,-0.07341149044066964,-2.201056198762142,-1.8068008773336024,0.9991067399632378,0.06419923188445156
-104.66930708916931,-0.5515965508510821,-0.6591614167673184,0.9403169438151415,-0.7401382067115484,1.313333228778984,-0.5250764314111601,-0.9995389314966557,-0.5694951905715026
-69.14040455989684,-1.1159428716976496,0.06284449141657918,1.5623943020133881,-0.1687760049406324,-0.8293347073730486,-0.053011623109742695,-0.43067075952892403,1.0797556265675696
146.20962098116493,1.4300532056929602,1.753971305283438,-0.16386431475186158,-0.47184953852065803,0.9328647055048135,-1.2868197089375961,-1.090082430349406,0.17983484089031657
-283.77313826940946,-1.0973319938677948,-1.284587092767511,-1.4747843928457052,-0.5519354882063302,-0.159880368816815,-1.817288538585897,0.1031798130437079,0.5060360003980574
-56.26302921352472,-0.24776977392333294,-0.5494038948911045,-0.32715655822843986,0.9357375918112334,1.5536460530102905,-0.3876548964870771,-2.3222163263147,0.47829851905275633
-106.86785188688363,0.3950338997490739,0.28842123892778837,1.763603804640731,-0.0778108107190247,-0.2547434128425963,-1.0849624782290692,-0.6475393305735484,-1.3693815933075526
32.157940508432944,2.242718799105135,-0.6998735909011436,-0.41050047315476323,-0.8337894068171608,0.3774992657996828,-1.3551629044194617,0.37190780498011433,0.6250548624233767
-48.74193093597718,-0.25978022455115607,-0.6155548345617449,-0.7173019953743041,-0.6566390225505946,0.18035333484860638,0.25967533318456254,-0.20654604445924002,0.05727131988764802
-170.33060942633313,-1.2122507011410029,0.20289371229100883,0.4022940965684393,-0.1674578732522901,-0.5607792839878667,-1.5918060659706064,0.37905112314989475,0.18795819633118105
119.62767523178579,1.9739453416224797,-0.4332454823736503,0.03783083894567116,-0.6304522127417971,-0.2782020351846421,2.1871642983145265,-1.4879064219887725,-1.0724187332029949
-107.90068802898222,-1.181754835182324,-0.16988635514004757,-0.3006875392318576,1.4632623920439918,-0.5610800861908862,0.33382988607958203,-1.4387796528189514,0.5053326597159594
140.1866579539482,0.6690450086029206,-0.8889047753734363,-0.03170507837275798,-0.6916398334225837,0.8078598855787784,1.943601145094872,-0.20682505399379925,0.1908657852683874
98.64918199582263,-0.27958383065022285,-0.6278479462425531,-0.2703655835492499,0.5930229405051874,-0.9183919323364216,1.6239918664679447,-0.5275648700626966,2.9310098336289347
91.50810863958014,0.9788871441186426,0.7338517674682947,-1.0505404933970992,-0.17886863696130267,0.3093782956498508,-0.13470059714030116,-1.0824721528002277,0.37255881904784016
-307.67097922107087,-1.0959188546828265,-1.7934267403562913,-1.0394844883380654,-0.9970261358431607,-0.25643813793560255,-1.2465744345652288,0.0022021327163762186,0.12629699329215785
-106.48200313609489,-1.5783784004587558,1.3435829743998093,1.602879022495979,0.2658944146733176,-1.6890089530056238,-0.7463351336985123,0.9333249947050761,-0.5845772364153667
-14.094342443249374,-0.32555411189269046,1.3565295682011334,1.8617746457431408,1.7136372466089909,0.016833818398983628,-0.9118045142313566,-1.3277501078661316,-0.4463637861313997
-43.73019509770897,-0.6592895062553225,0.15998727414068833,-0.14260747147322206,-0.6130040564310989,-0.20062924931948695,-0.03376733925566282,0.7891968961690009,-0.6707696360379248
-18.530802565112452,0.4900396399553918,-0.4521508181965415,-0.4090739488733548,-0.18135220002858324,1.2046873711517074,-0.6808044468358484,-0.19422260430687416,-0.45668840654440473
62.627793063636275,1.088953952742321,0.26650222279840485,-0.6572319114619836,-0.5169296991954427,-0.055084560098562725,0.4374767293621212,-0.5020586286985195,-0.6030135579086973
-60.78513719097262,-1.6356139476110776,1.170171064939386,-1.1162874087631187,-1.3541327008845792,-1.1503543493624506,1.1627427814539426,-0.8341267844650673,-0.8323842182074793
-125.89032543304822,0.050838359407720454,-0.1586971600726331,0.053394680814087575,0.971458236152282,-1.0205495604017203,-0.048430739529464126,-1.48998012863295,-0.4472191150695599
-21.41192624092274,-0.8940607526488292,-0.17993821915761782,1.7952209826198173,-1.5885862997583349,0.04167996087361352,0.7448904631603521,-0.7683135773633323,0.39497481103035326
27.534497508305634,0.19709252639840819,-1.7678973567722862,-0.9296386372856104,-0.17426171696327383,2.2733450512724547,1.2249815258680106,-0.854983217148663,-0.33999676832096887
-7.672674462938346,-2.0643232188347476,0.5237867088538337,0.8458440934536087,-2.5858311161240013,-0.32437475166677276,0.3573526162584759,1.0694796358724277,1.0019859513665725
-74.61786988424373,1.5271153195281888,-2.198376829896284,0.25666407021275595,0.13254175838379983,1.349869718632476,0.12998512532059173,-0.45744282575542883,-1.500180247039921
-99.30562750581439,-0.567254023817408,0.42901512642579315,-0.19570341016469292,0.5869924157646766,0.05060986609423618,-0.7768835102752701,-0.6258371571459984,-0.7926933585842473
-96.7906514933161,0.18148154105537329,-1.1089162247176116,0.11390089440960166,-0.5580734842065374,0.611157883416554,-0.428462993921118,0.7841207952526108,-1.1947502750217112
-124.29905417239692,-1.4556907462269193,0.08791553722372425,-1.212168739177938,-0.1366344827094197,-1.5727606349084087,1.539127696944929,-0.2644625161338568,-1.3359997717348824
124.0528873749701,-0.10138011427785094,0.6569448237891363,1.5383054672167384,-1.220766095915941,-0.40663891912661704,1.0370657637324134,1.6639516724132173,-0.6813261845563443
-232.80460830591517,-0.5115088130112809,-1.0123741324359863,0.3543538364021623,-0.43251668818597994,0.11025564460494698,-0.695041371420561,-2.6637910400627822,0.12362413661666302
74.13525607335878,0.21306885614616566,-0.2799010370053728,-0.3411570144343263,-1.3719522651512401,0.3691019239939107,0.8376362483750375,0.10021411050440894,0.3764590231304191
-24.272497018581017,0.7598673493015825,0.20453110649586773,-0.2684881486552948,0.5160388252542102,-0.6532456695813315,0.06442904495994003,-0.1340389110695703,-1.3065926739924079
88.72859719675782,0.3427454530085606,-0.21884558759800882,-0.4110732085811181,-1.15128593023934,0.5620026664299156,1.4790466539684233,-1.2950513684897298,0.2202008105601885
91.22336964296208,0.20337125531488903,0.7141646550854581,-0.21648363226095,1.809782523037457,-0.7112721487249555,0.9874517054481895,-1.6748871437762685,0.9908945927780888
-32.60532386247443,0.3620027697077998,-0.6975629898230148,0.3157595327972803,1.8708303987278487,-0.25257425148020524,-0.3097293861087493,0.31168247066196964,0.26250162034208074
-12.694666776902125,0.4040362843725947,-0.8759228017802317,-1.7947627214984576,1.3567176038194457,0.7957379716972437,-0.38575341835718596,0.3094534261139513,0.2249833535622755
38.08272797316788,1.4235294585599505,-0.47612665997377696,0.9678624853492999,0.025809104923753833,-0.32060278271335785,-0.3825323128052794,-0.7461246453591743,1.35662372524533
-46.466364073754974,-0.20488417280497564,0.012675600770570516,0.12663232547500627,-0.598712810198697,-1.0349839023045135,-0.07816046085083957,0.815589758903025,-0.011788842276316805
-284.6812440916473,-0.7048442439698496,-0.9313713882233212,0.9923243060385679,1.0711342629346015,-1.3545370853518077,-0.8346589964814438,-0.14564118273730245,-1.344416440466641
-166.92009034372944,-0.7132248232130682,-0.16008451382259004,-2.2536430492408,1.9764055103814042,-0.9544175582991848,-1.0830248807345257,-0.38589250064106495,0.6077646372750178
-59.42474895111653,-0.9742167383789747,-0.284831691840157,-1.6028413967257584,-0.9698950436810856,2.5624175313980855,-1.3310700599350678,0.3531364748667594,-0.4830018824349509
-129.7387737546277,-1.4407753164680028,-0.8212851024475563,-1.8535443909763833,1.7566954155467303,-0.19456137019042286,0.28093255284412183,0.3555268120738631,-0.08512623133084345
-150.52184295876702,1.1875298165943644,-0.6120345848186008,-2.3618529313347874,-0.39230384253902073,0.23293935398572735,-1.5898501156422211,0.24942257330716175,-1.6924590517583054
-157.50636461354972,-1.8499393483529671,0.09015479764440056,0.4656410640860587,1.1751013966609247,0.36759435616572905,-0.15896378627718424,-0.9098196611918113,-1.1678533340383555
101.81523713922715,-0.4539690671991294,-0.3634797072294108,-0.5447923176141735,0.2205481325372164,-1.0960521370500178,1.1167673963165454,1.1182549873819783,2.584951633041976
-77.404875074949,-0.45898296170198044,-0.05781227215698033,-1.582441299675277,0.5079366639638468,-0.20088983054688728,0.6581552418462088,-0.35081076489819385,-1.581413487883817
-318.57112860032817,-1.587213864807628,-1.9131337540111706,0.018223623605743637,0.07486146846501429,0.8043585498160729,-1.4489171386566013,0.26306112694947204,-0.7982796882443495
-51.728084060473236,0.3054774454165303,0.48652791985264693,0.09088358162724976,0.01652283883005311,0.09592850612249372,-0.7327881759286187,-0.6799421509087484,-1.0211863581145952
182.1477751381722,1.4333921820067428,-0.24875120440480508,-0.631955053719098,-0.23723750276736155,-1.0481027500026976,0.9457317826013573,2.1665242043005186,1.0774168578277339
40.27433056820965,1.672366280709501,0.2588787001113153,-0.800044891076144,0.24634889879314584,0.0171241586172961,-0.7443597534871712,1.3397990172187275,-1.7058622828928658
129.66061775774227,2.5957826395624166,1.0703463441746108,1.3439488861792925,-1.2159020654138892,-1.0394866290943852,-0.7853161409349353,-0.4964653528162061,0.505902633033259
157.89806284868592,0.7495164813640283,0.45836830578241944,1.1797517262375856,-1.3793657543475435,0.1987700485621196,0.8068197226150651,0.7922862763296111,-0.27083876116583794
44.21802109006771,-0.5295645773169882,-0.34809427539461724,-0.6856714063102353,1.5205144924810623,0.7650799590946146,1.0951960057646803,-0.40178041897938954,-0.11576279025744889
-234.09078176329928,0.045614519273884054,-2.0873217335604743,-0.02903687135175236,-1.0291917283011227,-0.514510549536923,0.21458489783509146,-0.2011540264102873,-1.2652959801502766
-81.93045441732437,-0.7308244749403504,-0.5053276346745836,0.42053367800719876,0.9805307833399012,-0.9733974115415561,-0.3495771481125619,-0.47903541007236633,2.037833170341117
173.7558790121833,1.2747439421189044,-0.477800789288688,-0.46972009283273203,1.005011576282844,0.3846162101076025,0.6863750664319361,0.3977624917908976,1.3603680819514117
-282.5984284257161,-1.5587086008215956,-0.8737813865937258,-0.9171615953993028,-0.7147478438183742,-0.5907249186813042,-0.4152253922353953,-0.4226243461293266,-1.06061202873174
118.47635103046314,0.017574913011948006,0.2991001513499027,-2.0699641422931623,-0.769748076680962,1.0133395908280383,-0.6465209694934576,2.6334563097459687,0.4211655328595914
-28.04676374719088,0.42407285675713435,0.6314893543603513,1.8958635275369389,-0.6736834701165103,0.5411673381201835,-2.4631824344785778,-0.6584199581762947,1.320578915933929
140.7026949657449,-1.9405662987199896,0.8011935843161355,1.2507248602751204,1.3533622938075323,0.46214655615759626,1.8647535536263193,0.679333893424391,0.036272860885418284
51.94414484798474,0.7169743502362793,0.23281460906803353,-0.4787219269325784,-0.0553591123544231,-0.0280033060921503,0.8744146786738608,-1.0758854440849028,-0.6740398112743168
17.011711268882742,-0.4655558575249588,-0.7554989114681802,-0.34685587039615934,0.3176243799977935,0.6885471340979822,0.9562034175209833,0.4681130005045071,-0.34780486758317203
88.22930610843176,-2.0842169568425426,0.507730450056016,0.027318302972235687,0.7416055075259155,0.6631339445241247,1.8335286046002999,-0.6805271507266237,0.7078693529629603
5.4786235349352665,-0.5496316743586918,0.5841668861741703,-0.05697706329473045,-0.9520519727142012,-0.10390522557765629,-0.12171734530904307,0.3238898298463501,0.03826505961915357
-141.6440720122316,-2.4231538852270718,0.28212704455449594,-0.15533230836183823,-0.6886977708066345,0.5403673008104444,-0.5304158798807567,-1.722130831589601,1.1832857876473368
457.5015079533017,1.6628586750625798,0.9376660993240776,-0.03545245180313417,0.5538531095301156,2.1607792051459356,1.8166327690999375,1.2803749358151202,0.19746730718196492
208.15055450166284,-1.7980864985645604,2.212119227730674,0.020195289315324976,-0.7510295623832414,-0.3758895090019428,1.1183339841555193,2.947217189054982,-0.199069141900434
142.10347083081015,1.4719858663428131,-0.05534715769807593,-0.45086044256866087,-1.0033921943541504,-0.11652063274406207,1.1364128762147065,0.4217152189220376,-0.37008331213959883
-0.5940098827217284,-0.7168178349264633,0.7383830192249187,0.1834873094725279,-1.5760508611404853,0.40168032440759227,-0.06053293356682713,0.31682170609215415,-0.8726930778739672
50.90822371687071,-0.16842194415037579,1.2776867880207678,-1.830771082207763,0.8363350031578137,-0.6641470565656097,-0.6809340414414401,1.2865408859481917,0.16088401906044614
128.7817092784974,0.6689467022867972,1.668927977557029,0.8895458965373793,0.23450807877819183,-0.330991344245225,0.035678376190395863,-0.6465534497965799,-0.24673112990116872
-64.79463922069138,-0.17295783011493354,0.07854200205428014,1.8305722932989203,0.5513389633199149,-0.6816213790126041,-0.8409508097601732,0.2966452432175882,0.17656362680244267
196.45647228613058,0.34098901052951125,0.5609258304490754,0.1403052389253418,0.1699271185262994,0.3818702914427993,0.6674810407276659,0.015490169079388372,1.6633285556911526
-45.7952528851508,0.5041952939606464,-0.7670593856045954,-3.037618035393105,1.13334669697078,-0.24985465350867558,-0.5179271116587236,0.8604911899011959,0.4003432593588358
-62.88018141117253,-0.11094153709742288,-0.4814382219141751,1.303176194398832,-0.08883180831998498,-0.35938174090366826,-0.05688330140970554,0.8664535065734706,-0.8320341294875034
-264.16118011224086,-0.5665372026615354,-1.652222952000507,-0.5710054795202513,-0.3303134848797229,-0.76475022653378,0.49203464245194894,-1.3025733689988226,-1.2376969082518434
-83.0644151244954,0.2921317810465611,0.6033936861281062,0.645105545275001,1.2472095017431601,-1.5794445066849676,-0.9068789641153182,-0.3703986227393098,-0.06768719495559751
